	FragPipe	Spectronaut	Pipeline diaPASEF	Peptide-centric DIA-NN
AFIKIIQLRKNN	True	True	False	False
AKYFNQSVTDY	False	False	False	True
DLFDRAFVV	True	True	True	True
EIAIPTLFV	True	True	True	True
EIFDVKVAKV	True	True	True	True
ESFSNVVTI	False	False	False	True
ETFFPQKESYV	True	True	True	True
ETINKLIRV	False	True	False	True
EVASWIVQV	True	True	True	True
EVERPSLGV	True	True	True	False
EVFDKYFEL	True	True	True	True
EVFDKYFELK	True	True	True	True
EVIGTAILI	False	False	False	True
EVIGVIAGL	False	True	True	False
EVPEILLEV	False	False	False	True
FAAPTIASA	True	True	True	False
FDKYFEL	False	True	True	False
FVFDNKPVKV	False	True	True	True
HLPEFTNEV	False	True	False	False
HTYAGEVKAIRGV	True	False	True	False
HVNIGTIGHV	False	False	False	True
IAYGEAILL	True	False	True	False
ILADIVKNV	False	True	False	False
KLNDLISRY	True	True	True	True
KMQEEVISF	False	False	False	True
KVYDGILKV	False	False	False	True
LEKTLGITV	False	False	False	True
QVFEGLYTL	False	False	False	True
SINMPSLPV	True	True	True	False
SLATIKVIGV	True	False	True	False
TVPGIEVIVSA	True	True	True	True
TVVAIAAGL	False	False	True	True
VAYGRQVYL	True	True	True	True
VGVPYIVVF	True	True	True	False
VGYSHPVEF	False	False	False	True
YKLGLAIHY	True	True	True	True
YTFEVDTRATKTQV	False	True	True	False
